,file_index,best_score,epoch_no
0,1,0.8185865879058838,1
1,2,0.6519896984100342,49
2,3,0.6196383237838745,49
3,4,0.7378091216087341,10
4,5,0.8418694734573364,3
