,file_index,best_score,epoch_no
0,1,0.7142583131790161,37
1,2,0.6251034736633301,49
2,3,0.5565008521080017,49
3,4,0.5930237174034119,48
4,5,0.7815011739730835,17
