,file_index,best_score,epoch_no
0,1,0.9390833377838135,0
1,2,0.3949514627456665,0
2,3,0.8137238025665283,0
3,4,0.8971837759017944,0
4,5,0.7814664244651794,0
5,6,0.6937824487686157,0
6,7,0.6705440282821655,0
7,8,0.8755195140838623,0
8,9,0.8132450580596924,0
9,10,0.7330847978591919,0
