,file_index,best_score,epoch_no
0,1,0.9348955750465393,0
1,2,0.38605040311813354,0
2,3,0.8288018107414246,0
3,4,0.88969486951828,0
4,5,0.7309641242027283,0
5,6,0.7071228623390198,0
6,7,0.6723894476890564,0
7,8,0.8681513071060181,0
8,9,0.8127924203872681,0
9,10,0.7539911270141602,0
