,file_index,best_score,epoch_no
0,1,0.6859862804412842,47
1,2,0.6660141944885254,49
2,3,0.6542977094650269,49
3,4,0.6730373501777649,49
4,5,0.6704833507537842,49
5,6,0.8267496228218079,1
6,7,0.839503288269043,0
7,8,0.8271432518959045,0
8,9,0.6743252873420715,49
9,10,0.6709631085395813,49
