,file_index,best_score,epoch_no
0,1,0.6548234224319458,0
1,2,0.6297886967658997,0
2,3,0.5729740262031555,0
3,4,0.6439312696456909,0
4,5,0.5388412475585938,2
5,6,0.6784695982933044,3
6,7,0.819244921207428,0
7,8,0.8115574717521667,0
8,9,0.6449128985404968,0
9,10,0.6273114681243896,0
